zone_id,state_code,state_ut,zone_name,center_latitude,center_longitude,zone_level,source_type
AN_Z00,AN,Andaman and Nicobar Islands,Andaman and Nicobar Islands Zone 01,12.341534373333333,92.34465181333333,SYNTHETIC_SUBZONE,SYNTHETIC_PROTOTYPE
AN_Z01,AN,Andaman and Nicobar Islands,Andaman and Nicobar Islands Zone 02,12.312601453125,92.192527375,SYNTHETIC_SUBZONE,SYNTHETIC_PROTOTYPE
AN_Z02,AN,Andaman and Nicobar Islands,Andaman and Nicobar Islands Zone 03,11.76400485,92.7304479625,SYNTHETIC_SUBZONE,SYNTHETIC_PROTOTYPE
AN_Z03,AN,Andaman and Nicobar Islands,Andaman and Nicobar Islands Zone 04,11.720256898305085,92.58716620338983,SYNTHETIC_SUBZONE,SYNTHETIC_PROTOTYPE
AN_Z04,AN,Andaman and Nicobar Islands,Andaman and Nicobar Islands Zone 05,11.455716818181818,93.43169403896104,SYNTHETIC_SUBZONE,SYNTHETIC_PROTOTYPE
AN_Z05,AN,Andaman and Nicobar Islands,Andaman and Nicobar Islands Zone 06,11.452600032258065,93.28175593548387,SYNTHETIC_SUBZONE,SYNTHETIC_PROTOTYPE
AN_Z06,AN,Andaman and Nicobar Islands,Andaman and Nicobar Islands Zone 07,11.065440641791044,91.89387723880597,SYNTHETIC_SUBZONE,SYNTHETIC_PROTOTYPE
AN_Z07,AN,Andaman and Nicobar Islands,Andaman and Nicobar Islands Zone 08,11.021878402777778,92.0225905,SYNTHETIC_SUBZONE,SYNTHETIC_PROTOTYPE
AP_Z00,AP,Andhra Pradesh,Andhra Pradesh Zone 01,16.533494169014084,79.28043404225352,SYNTHETIC_SUBZONE,SYNTHETIC_PROTOTYPE
AP_Z01,AP,Andhra Pradesh,Andhra Pradesh Zone 02,16.49344570588235,79.41793857352941,SYNTHETIC_SUBZONE,SYNTHETIC_PROTOTYPE
AP_Z02,AP,Andhra Pradesh,Andhra Pradesh Zone 03,15.925738492537313,79.8151942238806,SYNTHETIC_SUBZONE,SYNTHETIC_PROTOTYPE
AP_Z03,AP,Andhra Pradesh,Andhra Pradesh Zone 04,15.887835208333334,79.68459080555556,SYNTHETIC_SUBZONE,SYNTHETIC_PROTOTYPE
AP_Z04,AP,Andhra Pradesh,Andhra Pradesh Zone 05,15.608764043478262,80.37836772463768,SYNTHETIC_SUBZONE,SYNTHETIC_PROTOTYPE
AP_Z05,AP,Andhra Pradesh,Andhra Pradesh Zone 06,15.601465728571428,80.52578237142858,SYNTHETIC_SUBZONE,SYNTHETIC_PROTOTYPE
AP_Z06,AP,Andhra Pradesh,Andhra Pradesh Zone 07,15.203684076923077,79.11435178461538,SYNTHETIC_SUBZONE,SYNTHETIC_PROTOTYPE
AP_Z07,AP,Andhra Pradesh,Andhra Pradesh Zone 08,15.198955527027026,78.9672352972973,SYNTHETIC_SUBZONE,SYNTHETIC_PROTOTYPE
AR_Z00,AR,Arunachal Pradesh,Arunachal Pradesh Zone 01,27.698607094594596,93.15280313513513,SYNTHETIC_SUBZONE,SYNTHETIC_PROTOTYPE
AR_Z01,AR,Arunachal Pradesh,Arunachal Pradesh Zone 02,27.68423852307692,93.29563486153846,SYNTHETIC_SUBZONE,SYNTHETIC_PROTOTYPE
AR_Z02,AR,Arunachal Pradesh,Arunachal Pradesh Zone 03,27.120989,93.52780991935484,SYNTHETIC_SUBZONE,SYNTHETIC_PROTOTYPE
AR_Z03,AR,Arunachal Pradesh,Arunachal Pradesh Zone 04,27.090703363636365,93.6673049090909,SYNTHETIC_SUBZONE,SYNTHETIC_PROTOTYPE
AR_Z04,AR,Arunachal Pradesh,Arunachal Pradesh Zone 05,26.848157214285713,94.25563552857143,SYNTHETIC_SUBZONE,SYNTHETIC_PROTOTYPE
AR_Z05,AR,Arunachal Pradesh,Arunachal Pradesh Zone 06,26.763208985507248,94.36246305797101,SYNTHETIC_SUBZONE,SYNTHETIC_PROTOTYPE
AR_Z06,AR,Arunachal Pradesh,Arunachal Pradesh Zone 07,26.441694216867468,92.88153269879518,SYNTHETIC_SUBZONE,SYNTHETIC_PROTOTYPE
AR_Z07,AR,Arunachal Pradesh,Arunachal Pradesh Zone 08,26.339713339285716,92.97388053571429,SYNTHETIC_SUBZONE,SYNTHETIC_PROTOTYPE
AS_Z00,AS,Assam,Assam Zone 01,26.806423680555554,92.48298443055556,SYNTHETIC_SUBZONE,SYNTHETIC_PROTOTYPE
AS_Z01,AS,Assam,Assam Zone 02,26.786514253731344,92.6285567761194,SYNTHETIC_SUBZONE,SYNTHETIC_PROTOTYPE
AS_Z02,AS,Assam,Assam Zone 03,26.204345611764705,92.8789566,SYNTHETIC_SUBZONE,SYNTHETIC_PROTOTYPE
AS_Z03,AS,Assam,Assam Zone 04,26.184983462962965,93.02766557407408,SYNTHETIC_SUBZONE,SYNTHETIC_PROTOTYPE
AS_Z04,AS,Assam,Assam Zone 05,25.91667091935484,93.70368232258065,SYNTHETIC_SUBZONE,SYNTHETIC_PROTOTYPE
AS_Z05,AS,Assam,Assam Zone 06,25.888093987012986,93.56347071428571,SYNTHETIC_SUBZONE,SYNTHETIC_PROTOTYPE
AS_Z06,AS,Assam,Assam Zone 07,25.511037631578947,92.15755443859649,SYNTHETIC_SUBZONE,SYNTHETIC_PROTOTYPE
AS_Z07,AS,Assam,Assam Zone 08,25.494190731707317,92.2963856097561,SYNTHETIC_SUBZONE,SYNTHETIC_PROTOTYPE
BR_Z00,BR,Bihar,Bihar Zone 01,25.70903551851852,84.81230511111112,SYNTHETIC_SUBZONE,SYNTHETIC_PROTOTYPE
BR_Z01,BR,Bihar,Bihar Zone 02,25.68878363529412,84.9744170117647,SYNTHETIC_SUBZONE,SYNTHETIC_PROTOTYPE
BR_Z02,BR,Bihar,Bihar Zone 03,25.111402542168676,85.25992140963855,SYNTHETIC_SUBZONE,SYNTHETIC_PROTOTYPE
BR_Z03,BR,Bihar,Bihar Zone 04,25.083552375,85.40331928571429,SYNTHETIC_SUBZONE,SYNTHETIC_PROTOTYPE
BR_Z04,BR,Bihar,Bihar Zone 05,24.815169486842105,86.07961298684211,SYNTHETIC_SUBZONE,SYNTHETIC_PROTOTYPE
BR_Z05,BR,Bihar,Bihar Zone 06,24.755983571428573,85.93845926984127,SYNTHETIC_SUBZONE,SYNTHETIC_PROTOTYPE
BR_Z06,BR,Bihar,Bihar Zone 07,24.41279958730159,84.54428125396825,SYNTHETIC_SUBZONE,SYNTHETIC_PROTOTYPE
BR_Z07,BR,Bihar,Bihar Zone 08,24.36651847368421,84.68035336842105,SYNTHETIC_SUBZONE,SYNTHETIC_PROTOTYPE
CH_Z00,CH,Chandigarh,Chandigarh Zone 01,31.358828253333332,76.32766086666666,SYNTHETIC_SUBZONE,SYNTHETIC_PROTOTYPE
CH_Z01,CH,Chandigarh,Chandigarh Zone 02,31.296612828125,76.453078609375,SYNTHETIC_SUBZONE,SYNTHETIC_PROTOTYPE
CH_Z02,CH,Chandigarh,Chandigarh Zone 03,30.73205915827338,76.77652707913668,SYNTHETIC_SUBZONE,SYNTHETIC_PROTOTYPE
CH_Z03,CH,Chandigarh,Chandigarh Zone 04,30.45908514925373,77.40641970149254,SYNTHETIC_SUBZONE,SYNTHETIC_PROTOTYPE
CH_Z04,CH,Chandigarh,Chandigarh Zone 05,30.40779872222222,77.544581125,SYNTHETIC_SUBZONE,SYNTHETIC_PROTOTYPE
CH_Z05,CH,Chandigarh,Chandigarh Zone 06,30.092458603448275,76.12408317241379,SYNTHETIC_SUBZONE,SYNTHETIC_PROTOTYPE
CH_Z06,CH,Chandigarh,Chandigarh Zone 07,30.03062611111111,75.96520855555556,SYNTHETIC_SUBZONE,SYNTHETIC_PROTOTYPE
CH_Z07,CH,Chandigarh,Chandigarh Zone 08,29.971439155555554,76.11429668888889,SYNTHETIC_SUBZONE,SYNTHETIC_PROTOTYPE
CG_Z00,CG,Chhattisgarh,Chhattisgarh Zone 01,21.867597899280575,81.48213412230216,SYNTHETIC_SUBZONE,SYNTHETIC_PROTOTYPE
CG_Z01,CG,Chhattisgarh,Chhattisgarh Zone 02,21.2871520625,81.793024075,SYNTHETIC_SUBZONE,SYNTHETIC_PROTOTYPE
CG_Z02,CG,Chhattisgarh,Chhattisgarh Zone 03,21.27627620338983,81.95005089830508,SYNTHETIC_SUBZONE,SYNTHETIC_PROTOTYPE
CG_Z03,CG,Chhattisgarh,Chhattisgarh Zone 04,21.043455490196077,82.51705639215686,SYNTHETIC_SUBZONE,SYNTHETIC_PROTOTYPE
CG_Z04,CG,Chhattisgarh,Chhattisgarh Zone 05,20.992266514285713,82.66346154285714,SYNTHETIC_SUBZONE,SYNTHETIC_PROTOTYPE
CG_Z05,CG,Chhattisgarh,Chhattisgarh Zone 06,20.903166773584907,82.53626088679245,SYNTHETIC_SUBZONE,SYNTHETIC_PROTOTYPE
CG_Z06,CG,Chhattisgarh,Chhattisgarh Zone 07,20.612142984848486,81.24516177272727,SYNTHETIC_SUBZONE,SYNTHETIC_PROTOTYPE
CG_Z07,CG,Chhattisgarh,Chhattisgarh Zone 08,20.556824890410958,81.12042397260274,SYNTHETIC_SUBZONE,SYNTHETIC_PROTOTYPE
DN_Z00,DN,Dadra and Nagar Haveli and Daman and Diu,Dadra and Nagar Haveli and Daman and Diu Zone 01,20.796706518072288,72.56725646987952,SYNTHETIC_SUBZONE,SYNTHETIC_PROTOTYPE
DN_Z01,DN,Dadra and Nagar Haveli and Daman and Diu,Dadra and Nagar Haveli and Daman and Diu Zone 02,20.759276017857143,72.69792823214286,SYNTHETIC_SUBZONE,SYNTHETIC_PROTOTYPE
DN_Z02,DN,Dadra and Nagar Haveli and Daman and Diu,Dadra and Nagar Haveli and Daman and Diu Zone 03,20.226383402985075,72.96377304477612,SYNTHETIC_SUBZONE,SYNTHETIC_PROTOTYPE
DN_Z03,DN,Dadra and Nagar Haveli and Daman and Diu,Dadra and Nagar Haveli and Daman and Diu Zone 04,20.143098375,73.07990469444445,SYNTHETIC_SUBZONE,SYNTHETIC_PROTOTYPE
DN_Z04,DN,Dadra and Nagar Haveli and Daman and Diu,Dadra and Nagar Haveli and Daman and Diu Zone 05,19.89975631884058,73.65924110144927,SYNTHETIC_SUBZONE,SYNTHETIC_PROTOTYPE
DN_Z05,DN,Dadra and Nagar Haveli and Daman and Diu,Dadra and Nagar Haveli and Daman and Diu Zone 06,19.874733714285714,73.79321831428571,SYNTHETIC_SUBZONE,SYNTHETIC_PROTOTYPE
DN_Z06,DN,Dadra and Nagar Haveli and Daman and Diu,Dadra and Nagar Haveli and Daman and Diu Zone 07,19.490767014492754,72.25897847826087,SYNTHETIC_SUBZONE,SYNTHETIC_PROTOTYPE
DN_Z07,DN,Dadra and Nagar Haveli and Daman and Diu,Dadra and Nagar Haveli and Daman and Diu Zone 08,19.482098442857144,72.3993553,SYNTHETIC_SUBZONE,SYNTHETIC_PROTOTYPE
DL_Z00,DL,Delhi,Delhi Zone 01,29.30643374683544,76.64106072151898,SYNTHETIC_SUBZONE,SYNTHETIC_PROTOTYPE
DL_Z01,DL,Delhi,Delhi Zone 02,29.29079115,76.79107008333334,SYNTHETIC_SUBZONE,SYNTHETIC_PROTOTYPE
DL_Z02,DL,Delhi,Delhi Zone 03,28.748481085714285,77.1551972,SYNTHETIC_SUBZONE,SYNTHETIC_PROTOTYPE
DL_Z03,DL,Delhi,Delhi Zone 04,28.65559686956522,77.04433263768117,SYNTHETIC_SUBZONE,SYNTHETIC_PROTOTYPE
DL_Z04,DL,Delhi,Delhi Zone 05,28.414768484848484,77.72818812121213,SYNTHETIC_SUBZONE,SYNTHETIC_PROTOTYPE
DL_Z05,DL,Delhi,Delhi Zone 06,28.384802342465754,77.87938820547946,SYNTHETIC_SUBZONE,SYNTHETIC_PROTOTYPE
DL_Z06,DL,Delhi,Delhi Zone 07,28.01568104477612,76.49678747761195,SYNTHETIC_SUBZONE,SYNTHETIC_PROTOTYPE
DL_Z07,DL,Delhi,Delhi Zone 08,27.99046461111111,76.321360875,SYNTHETIC_SUBZONE,SYNTHETIC_PROTOTYPE
GA_Z00,GA,Goa,Goa Zone 01,15.90989606849315,73.79894889041095,SYNTHETIC_SUBZONE,SYNTHETIC_PROTOTYPE
GA_Z01,GA,Goa,Goa Zone 02,15.881103984848485,73.65801068181818,SYNTHETIC_SUBZONE,SYNTHETIC_PROTOTYPE
GA_Z02,GA,Goa,Goa Zone 03,15.361009222222222,74.10515469444444,SYNTHETIC_SUBZONE,SYNTHETIC_PROTOTYPE
GA_Z03,GA,Goa,Goa Zone 04,15.224187835820896,74.15602468656716,SYNTHETIC_SUBZONE,SYNTHETIC_PROTOTYPE
GA_Z04,GA,Goa,Goa Zone 05,15.030812265625,74.8919284375,SYNTHETIC_SUBZONE,SYNTHETIC_PROTOTYPE
GA_Z05,GA,Goa,Goa Zone 06,14.9547018,74.76718264,SYNTHETIC_SUBZONE,SYNTHETIC_PROTOTYPE
GA_Z06,GA,Goa,Goa Zone 07,14.6427664,73.387815875,SYNTHETIC_SUBZONE,SYNTHETIC_PROTOTYPE
GA_Z07,GA,Goa,Goa Zone 08,14.54467327118644,73.47833391525424,SYNTHETIC_SUBZONE,SYNTHETIC_PROTOTYPE
GJ_Z00,GJ,Gujarat,Gujarat Zone 01,22.87429913235294,70.72845477941176,SYNTHETIC_SUBZONE,SYNTHETIC_PROTOTYPE
GJ_Z01,GJ,Gujarat,Gujarat Zone 02,22.848254802816903,70.86516812676057,SYNTHETIC_SUBZONE,SYNTHETIC_PROTOTYPE
GJ_Z02,GJ,Gujarat,Gujarat Zone 03,22.28713634,71.28221638,SYNTHETIC_SUBZONE,SYNTHETIC_PROTOTYPE
GJ_Z03,GJ,Gujarat,Gujarat Zone 04,22.247521415730336,71.1410635730337,SYNTHETIC_SUBZONE,SYNTHETIC_PROTOTYPE
GJ_Z04,GJ,Gujarat,Gujarat Zone 05,21.985020044117647,71.82995691176471,SYNTHETIC_SUBZONE,SYNTHETIC_PROTOTYPE
GJ_Z05,GJ,Gujarat,Gujarat Zone 06,21.939293676056337,71.96208754929577,SYNTHETIC_SUBZONE,SYNTHETIC_PROTOTYPE
GJ_Z06,GJ,Gujarat,Gujarat Zone 07,21.59171806153846,70.4257966923077,SYNTHETIC_SUBZONE,SYNTHETIC_PROTOTYPE
GJ_Z07,GJ,Gujarat,Gujarat Zone 08,21.527678743243243,70.5572591891892,SYNTHETIC_SUBZONE,SYNTHETIC_PROTOTYPE
HR_Z00,HR,Haryana,Haryana Zone 01,29.656111815789473,75.61635453947369,SYNTHETIC_SUBZONE,SYNTHETIC_PROTOTYPE
HR_Z01,HR,Haryana,Haryana Zone 02,29.644005634920635,75.77359503174603,SYNTHETIC_SUBZONE,SYNTHETIC_PROTOTYPE
HR_Z02,HR,Haryana,Haryana Zone 03,29.049514404761904,76.14426809523809,SYNTHETIC_SUBZONE,SYNTHETIC_PROTOTYPE
HR_Z03,HR,Haryana,Haryana Zone 04,29.03625672727273,75.98323821818182,SYNTHETIC_SUBZONE,SYNTHETIC_PROTOTYPE
HR_Z04,HR,Haryana,Haryana Zone 05,28.76385603030303,76.74268637373737,SYNTHETIC_SUBZONE,SYNTHETIC_PROTOTYPE
HR_Z05,HR,Haryana,Haryana Zone 06,28.72641995,76.867059925,SYNTHETIC_SUBZONE,SYNTHETIC_PROTOTYPE
HR_Z06,HR,Haryana,Haryana Zone 07,28.357650307692307,75.448587,SYNTHETIC_SUBZONE,SYNTHETIC_PROTOTYPE
HR_Z07,HR,Haryana,Haryana Zone 08,28.346835721311475,75.29497698360656,SYNTHETIC_SUBZONE,SYNTHETIC_PROTOTYPE
HP_Z00,HP,Himachal Pradesh,Himachal Pradesh Zone 01,31.69454895522388,76.83133598507463,SYNTHETIC_SUBZONE,SYNTHETIC_PROTOTYPE
HP_Z01,HP,Himachal Pradesh,Himachal Pradesh Zone 02,31.691335847222224,76.69654069444445,SYNTHETIC_SUBZONE,SYNTHETIC_PROTOTYPE
HP_Z02,HP,Himachal Pradesh,Himachal Pradesh Zone 03,31.108565892086332,77.17493861870504,SYNTHETIC_SUBZONE,SYNTHETIC_PROTOTYPE
HP_Z03,HP,Himachal Pradesh,Himachal Pradesh Zone 04,30.823393432432432,77.9294297027027,SYNTHETIC_SUBZONE,SYNTHETIC_PROTOTYPE
HP_Z04,HP,Himachal Pradesh,Himachal Pradesh Zone 05,30.7817214,77.78950807692307,SYNTHETIC_SUBZONE,SYNTHETIC_PROTOTYPE
HP_Z05,HP,Himachal Pradesh,Himachal Pradesh Zone 06,30.447102333333333,76.39311674074074,SYNTHETIC_SUBZONE,SYNTHETIC_PROTOTYPE
HP_Z06,HP,Himachal Pradesh,Himachal Pradesh Zone 07,30.414754452830188,76.55339471698113,SYNTHETIC_SUBZONE,SYNTHETIC_PROTOTYPE
HP_Z07,HP,Himachal Pradesh,Himachal Pradesh Zone 08,30.304493,76.44772340625,SYNTHETIC_SUBZONE,SYNTHETIC_PROTOTYPE
JK_Z00,JK,Jammu and Kashmir,Jammu and Kashmir Zone 01,34.37920908433735,76.11156607228915,SYNTHETIC_SUBZONE,SYNTHETIC_PROTOTYPE
JK_Z01,JK,Jammu and Kashmir,Jammu and Kashmir Zone 02,34.360472357142854,76.26074508928572,SYNTHETIC_SUBZONE,SYNTHETIC_PROTOTYPE
JK_Z02,JK,Jammu and Kashmir,Jammu and Kashmir Zone 03,33.778892142857146,76.65187636363636,SYNTHETIC_SUBZONE,SYNTHETIC_PROTOTYPE
JK_Z03,JK,Jammu and Kashmir,Jammu and Kashmir Zone 04,33.76847193548387,76.49024406451613,SYNTHETIC_SUBZONE,SYNTHETIC_PROTOTYPE
JK_Z04,JK,Jammu and Kashmir,Jammu and Kashmir Zone 05,33.49818389473684,77.20094501315789,SYNTHETIC_SUBZONE,SYNTHETIC_PROTOTYPE
JK_Z05,JK,Jammu and Kashmir,Jammu and Kashmir Zone 06,33.45920346031746,77.34738582539683,SYNTHETIC_SUBZONE,SYNTHETIC_PROTOTYPE
JK_Z06,JK,Jammu and Kashmir,Jammu and Kashmir Zone 07,33.094715880597015,75.94195416417911,SYNTHETIC_SUBZONE,SYNTHETIC_PROTOTYPE
JK_Z07,JK,Jammu and Kashmir,Jammu and Kashmir Zone 08,33.070493194444445,75.81180568055555,SYNTHETIC_SUBZONE,SYNTHETIC_PROTOTYPE
JH_Z00,JH,Jharkhand,Jharkhand Zone 01,24.21545591891892,84.81840560810811,SYNTHETIC_SUBZONE,SYNTHETIC_PROTOTYPE
JH_Z01,JH,Jharkhand,Jharkhand Zone 02,24.168803353846155,84.95921512307693,SYNTHETIC_SUBZONE,SYNTHETIC_PROTOTYPE
JH_Z02,JH,Jharkhand,Jharkhand Zone 03,23.623156306666665,85.34691749333334,SYNTHETIC_SUBZONE,SYNTHETIC_PROTOTYPE
JH_Z03,JH,Jharkhand,Jharkhand Zone 04,23.576568734374998,85.21393309375,SYNTHETIC_SUBZONE,SYNTHETIC_PROTOTYPE
JH_Z04,JH,Jharkhand,Jharkhand Zone 05,23.329530450704226,86.04690585915493,SYNTHETIC_SUBZONE,SYNTHETIC_PROTOTYPE
JH_Z05,JH,Jharkhand,Jharkhand Zone 06,23.27396838235294,85.91387526470588,SYNTHETIC_SUBZONE,SYNTHETIC_PROTOTYPE
JH_Z06,JH,Jharkhand,Jharkhand Zone 07,22.926216363636364,84.51330727272727,SYNTHETIC_SUBZONE,SYNTHETIC_PROTOTYPE
JH_Z07,JH,Jharkhand,Jharkhand Zone 08,22.891727241935484,84.65040353225807,SYNTHETIC_SUBZONE,SYNTHETIC_PROTOTYPE
KA_Z00,KA,Karnataka,Karnataka Zone 01,15.955954129032259,75.24117011290322,SYNTHETIC_SUBZONE,SYNTHETIC_PROTOTYPE
KA_Z01,KA,Karnataka,Karnataka Zone 02,15.892875818181817,75.37806759740259,SYNTHETIC_SUBZONE,SYNTHETIC_PROTOTYPE
KA_Z02,KA,Karnataka,Karnataka Zone 03,15.37251111764706,75.7370376617647,SYNTHETIC_SUBZONE,SYNTHETIC_PROTOTYPE
KA_Z03,KA,Karnataka,Karnataka Zone 04,15.253097042253522,75.70116105633802,SYNTHETIC_SUBZONE,SYNTHETIC_PROTOTYPE
KA_Z04,KA,Karnataka,Karnataka Zone 05,15.050390451612904,76.36071972580645,SYNTHETIC_SUBZONE,SYNTHETIC_PROTOTYPE
KA_Z05,KA,Karnataka,Karnataka Zone 06,14.979855584415585,76.476673012987,SYNTHETIC_SUBZONE,SYNTHETIC_PROTOTYPE
KA_Z06,KA,Karnataka,Karnataka Zone 07,14.66248759574468,74.91338338297872,SYNTHETIC_SUBZONE,SYNTHETIC_PROTOTYPE
KA_Z07,KA,Karnataka,Karnataka Zone 08,14.613101271739131,75.04413883695652,SYNTHETIC_SUBZONE,SYNTHETIC_PROTOTYPE
KL_Z00,KL,Kerala,Kerala Zone 01,11.461890499999999,75.79543861428571,SYNTHETIC_SUBZONE,SYNTHETIC_PROTOTYPE
KL_Z01,KL,Kerala,Kerala Zone 02,11.443192434782608,75.93858155072463,SYNTHETIC_SUBZONE,SYNTHETIC_PROTOTYPE
KL_Z02,KL,Kerala,Kerala Zone 03,10.895908195121951,76.23745112195122,SYNTHETIC_SUBZONE,SYNTHETIC_PROTOTYPE
KL_Z03,KL,Kerala,Kerala Zone 04,10.800585245614036,76.32089235087719,SYNTHETIC_SUBZONE,SYNTHETIC_PROTOTYPE
KL_Z04,KL,Kerala,Kerala Zone 05,10.585668871794871,76.93760524358974,SYNTHETIC_SUBZONE,SYNTHETIC_PROTOTYPE
KL_Z05,KL,Kerala,Kerala Zone 06,10.494741344262295,77.04198881967213,SYNTHETIC_SUBZONE,SYNTHETIC_PROTOTYPE
KL_Z06,KL,Kerala,Kerala Zone 07,10.156392962962963,75.48757644444444,SYNTHETIC_SUBZONE,SYNTHETIC_PROTOTYPE
KL_Z07,KL,Kerala,Kerala Zone 08,10.143979658823529,75.643668,SYNTHETIC_SUBZONE,SYNTHETIC_PROTOTYPE
LA_Z00,LA,Ladakh,Ladakh Zone 01,34.77037675757576,77.10898865151515,SYNTHETIC_SUBZONE,SYNTHETIC_PROTOTYPE
LA_Z01,LA,Ladakh,Ladakh Zone 02,34.73913223287671,77.24287308219178,SYNTHETIC_SUBZONE,SYNTHETIC_PROTOTYPE
LA_Z02,LA,Ladakh,Ladakh Zone 03,34.19347364285714,77.52076978571428,SYNTHETIC_SUBZONE,SYNTHETIC_PROTOTYPE
LA_Z03,LA,Ladakh,Ladakh Zone 04,34.11916043478261,77.62337557971014,SYNTHETIC_SUBZONE,SYNTHETIC_PROTOTYPE
LA_Z04,LA,Ladakh,Ladakh Zone 05,33.89179936619718,78.33949676056338,SYNTHETIC_SUBZONE,SYNTHETIC_PROTOTYPE
LA_Z05,LA,Ladakh,Ladakh Zone 06,33.81897230882353,78.21265633823529,SYNTHETIC_SUBZONE,SYNTHETIC_PROTOTYPE
LA_Z06,LA,Ladakh,Ladakh Zone 07,33.48349738461538,76.81524212820513,SYNTHETIC_SUBZONE,SYNTHETIC_PROTOTYPE
LA_Z07,LA,Ladakh,Ladakh Zone 08,33.41840678688524,76.95352829508197,SYNTHETIC_SUBZONE,SYNTHETIC_PROTOTYPE
LD_Z00,LD,Lakshadweep,Lakshadweep Zone 01,11.162509016129032,72.31448062903226,SYNTHETIC_SUBZONE,SYNTHETIC_PROTOTYPE
LD_Z01,LD,Lakshadweep,Lakshadweep Zone 02,11.15848283116883,72.17828635064934,SYNTHETIC_SUBZONE,SYNTHETIC_PROTOTYPE
LD_Z02,LD,Lakshadweep,Lakshadweep Zone 03,10.642229319148937,72.60587182978723,SYNTHETIC_SUBZONE,SYNTHETIC_PROTOTYPE
LD_Z03,LD,Lakshadweep,Lakshadweep Zone 04,10.577638627906977,72.73697865116279,SYNTHETIC_SUBZONE,SYNTHETIC_PROTOTYPE
LD_Z04,LD,Lakshadweep,Lakshadweep Zone 05,10.496101591836736,72.59986636734693,SYNTHETIC_SUBZONE,SYNTHETIC_PROTOTYPE
LD_Z05,LD,Lakshadweep,Lakshadweep Zone 06,10.26365018705036,73.33863969064748,SYNTHETIC_SUBZONE,SYNTHETIC_PROTOTYPE
LD_Z06,LD,Lakshadweep,Lakshadweep Zone 07,9.882594753623188,71.86698620289854,SYNTHETIC_SUBZONE,SYNTHETIC_PROTOTYPE
LD_Z07,LD,Lakshadweep,Lakshadweep Zone 08,9.842742142857142,71.9939168,SYNTHETIC_SUBZONE,SYNTHETIC_PROTOTYPE
MP_Z00,MP,Madhya Pradesh,Madhya Pradesh Zone 01,23.583495773333333,78.31743069333334,SYNTHETIC_SUBZONE,SYNTHETIC_PROTOTYPE
MP_Z01,MP,Madhya Pradesh,Madhya Pradesh Zone 02,23.568032484375,78.174843,SYNTHETIC_SUBZONE,SYNTHETIC_PROTOTYPE
MP_Z02,MP,Madhya Pradesh,Madhya Pradesh Zone 03,23.028327323076923,78.67989258461539,SYNTHETIC_SUBZONE,SYNTHETIC_PROTOTYPE
MP_Z03,MP,Madhya Pradesh,Madhya Pradesh Zone 04,22.91351231081081,78.63669663513514,SYNTHETIC_SUBZONE,SYNTHETIC_PROTOTYPE
MP_Z04,MP,Madhya Pradesh,Madhya Pradesh Zone 05,22.684283820895523,79.42539559701493,SYNTHETIC_SUBZONE,SYNTHETIC_PROTOTYPE
MP_Z05,MP,Madhya Pradesh,Madhya Pradesh Zone 06,22.670915166666667,79.2739255,SYNTHETIC_SUBZONE,SYNTHETIC_PROTOTYPE
MP_Z06,MP,Madhya Pradesh,Madhya Pradesh Zone 07,22.28771415068493,78.01106535616438,SYNTHETIC_SUBZONE,SYNTHETIC_PROTOTYPE
MP_Z07,MP,Madhya Pradesh,Madhya Pradesh Zone 08,22.273804227272727,77.85828012121212,SYNTHETIC_SUBZONE,SYNTHETIC_PROTOTYPE
MH_Z00,MH,Maharashtra,Maharashtra Zone 01,20.37671693939394,75.40223045454546,SYNTHETIC_SUBZONE,SYNTHETIC_PROTOTYPE
MH_Z01,MH,Maharashtra,Maharashtra Zone 02,20.348821041095892,75.23670800000001,SYNTHETIC_SUBZONE,SYNTHETIC_PROTOTYPE
MH_Z02,MH,Maharashtra,Maharashtra Zone 03,19.797521175,75.6894326,SYNTHETIC_SUBZONE,SYNTHETIC_PROTOTYPE
MH_Z03,MH,Maharashtra,Maharashtra Zone 04,19.688029118644067,75.75370742372881,SYNTHETIC_SUBZONE,SYNTHETIC_PROTOTYPE
MH_Z04,MH,Maharashtra,Maharashtra Zone 05,19.46519605,76.4699918125,SYNTHETIC_SUBZONE,SYNTHETIC_PROTOTYPE
MH_Z05,MH,Maharashtra,Maharashtra Zone 06,19.43031359322034,76.3296669322034,SYNTHETIC_SUBZONE,SYNTHETIC_PROTOTYPE
MH_Z06,MH,Maharashtra,Maharashtra Zone 07,19.051558592592592,74.9507308765432,SYNTHETIC_SUBZONE,SYNTHETIC_PROTOTYPE
MH_Z07,MH,Maharashtra,Maharashtra Zone 08,19.034723913793105,75.09607212068966,SYNTHETIC_SUBZONE,SYNTHETIC_PROTOTYPE
MN_Z00,MN,Manipur,Manipur Zone 01,25.280314706666665,93.56054370666666,SYNTHETIC_SUBZONE,SYNTHETIC_PROTOTYPE
MN_Z01,MN,Manipur,Manipur Zone 02,25.25216953125,93.425741125,SYNTHETIC_SUBZONE,SYNTHETIC_PROTOTYPE
MN_Z02,MN,Manipur,Manipur Zone 03,24.69537720779221,93.84692819480519,SYNTHETIC_SUBZONE,SYNTHETIC_PROTOTYPE
MN_Z03,MN,Manipur,Manipur Zone 04,24.629844403225807,93.9680095967742,SYNTHETIC_SUBZONE,SYNTHETIC_PROTOTYPE
MN_Z04,MN,Manipur,Manipur Zone 05,24.35842892086331,94.60446242446044,SYNTHETIC_SUBZONE,SYNTHETIC_PROTOTYPE
MN_Z05,MN,Manipur,Manipur Zone 06,24.02499631372549,93.24222833333333,SYNTHETIC_SUBZONE,SYNTHETIC_PROTOTYPE
MN_Z06,MN,Manipur,Manipur Zone 07,23.952485436363638,93.13786283636364,SYNTHETIC_SUBZONE,SYNTHETIC_PROTOTYPE
MN_Z07,MN,Manipur,Manipur Zone 08,23.907169242424242,93.32473954545455,SYNTHETIC_SUBZONE,SYNTHETIC_PROTOTYPE
ML_Z00,ML,Meghalaya,Meghalaya Zone 01,26.086861690140847,90.90142339436619,SYNTHETIC_SUBZONE,SYNTHETIC_PROTOTYPE
ML_Z01,ML,Meghalaya,Meghalaya Zone 02,26.051511970588237,91.0308508235294,SYNTHETIC_SUBZONE,SYNTHETIC_PROTOTYPE
ML_Z02,ML,Meghalaya,Meghalaya Zone 03,25.468937422535213,91.29126443661971,SYNTHETIC_SUBZONE,SYNTHETIC_PROTOTYPE
ML_Z03,ML,Meghalaya,Meghalaya Zone 04,25.463196367647058,91.43405620588236,SYNTHETIC_SUBZONE,SYNTHETIC_PROTOTYPE
ML_Z04,ML,Meghalaya,Meghalaya Zone 05,25.18109010769231,91.98465176923077,SYNTHETIC_SUBZONE,SYNTHETIC_PROTOTYPE
ML_Z05,ML,Meghalaya,Meghalaya Zone 06,25.16284289189189,92.12894724324325,SYNTHETIC_SUBZONE,SYNTHETIC_PROTOTYPE
ML_Z06,ML,Meghalaya,Meghalaya Zone 07,24.799467283333332,90.5809062,SYNTHETIC_SUBZONE,SYNTHETIC_PROTOTYPE
ML_Z07,ML,Meghalaya,Meghalaya Zone 08,24.749527658227848,90.71100456962026,SYNTHETIC_SUBZONE,SYNTHETIC_PROTOTYPE
MZ_Z00,MZ,Mizoram,Mizoram Zone 01,23.801806971830985,92.47792536619718,SYNTHETIC_SUBZONE,SYNTHETIC_PROTOTYPE
MZ_Z01,MZ,Mizoram,Mizoram Zone 02,23.737781132352943,92.5983611617647,SYNTHETIC_SUBZONE,SYNTHETIC_PROTOTYPE
MZ_Z02,MZ,Mizoram,Mizoram Zone 03,23.165858901234568,92.87806507407407,SYNTHETIC_SUBZONE,SYNTHETIC_PROTOTYPE
MZ_Z03,MZ,Mizoram,Mizoram Zone 04,23.150563775862068,93.03499915517241,SYNTHETIC_SUBZONE,SYNTHETIC_PROTOTYPE
MZ_Z04,MZ,Mizoram,Mizoram Zone 05,22.88038027160494,93.68821858024691,SYNTHETIC_SUBZONE,SYNTHETIC_PROTOTYPE
MZ_Z05,MZ,Mizoram,Mizoram Zone 06,22.87383882758621,93.54794098275862,SYNTHETIC_SUBZONE,SYNTHETIC_PROTOTYPE
MZ_Z06,MZ,Mizoram,Mizoram Zone 07,22.47449498630137,92.1562118630137,SYNTHETIC_SUBZONE,SYNTHETIC_PROTOTYPE
MZ_Z07,MZ,Mizoram,Mizoram Zone 08,22.445903560606062,92.3054635,SYNTHETIC_SUBZONE,SYNTHETIC_PROTOTYPE
NL_Z00,NL,Nagaland,Nagaland Zone 01,26.78892837037037,94.24426116666666,SYNTHETIC_SUBZONE,SYNTHETIC_PROTOTYPE
NL_Z01,NL,Nagaland,Nagaland Zone 02,26.748693388235296,94.10972865882353,SYNTHETIC_SUBZONE,SYNTHETIC_PROTOTYPE
NL_Z02,NL,Nagaland,Nagaland Zone 03,26.16897022857143,94.644569,SYNTHETIC_SUBZONE,SYNTHETIC_PROTOTYPE
NL_Z03,NL,Nagaland,Nagaland Zone 04,26.13218163768116,94.49733027536232,SYNTHETIC_SUBZONE,SYNTHETIC_PROTOTYPE
NL_Z04,NL,Nagaland,Nagaland Zone 05,25.892911492537312,95.18959392537313,SYNTHETIC_SUBZONE,SYNTHETIC_PROTOTYPE
NL_Z05,NL,Nagaland,Nagaland Zone 06,25.84967688888889,95.32308177777777,SYNTHETIC_SUBZONE,SYNTHETIC_PROTOTYPE
NL_Z06,NL,Nagaland,Nagaland Zone 07,25.463087530864197,93.8050645308642,SYNTHETIC_SUBZONE,SYNTHETIC_PROTOTYPE
NL_Z07,NL,Nagaland,Nagaland Zone 08,25.455577844827587,93.95633956896552,SYNTHETIC_SUBZONE,SYNTHETIC_PROTOTYPE
OD_Z00,OD,Odisha,Odisha Zone 01,21.553649472972975,84.77436255405405,SYNTHETIC_SUBZONE,SYNTHETIC_PROTOTYPE
OD_Z01,OD,Odisha,Odisha Zone 02,21.540088323076922,84.61904532307692,SYNTHETIC_SUBZONE,SYNTHETIC_PROTOTYPE
OD_Z02,OD,Odisha,Odisha Zone 03,20.96793224590164,85.01311636065574,SYNTHETIC_SUBZONE,SYNTHETIC_PROTOTYPE
OD_Z03,OD,Odisha,Odisha Zone 04,20.95560423076923,85.16168894871795,SYNTHETIC_SUBZONE,SYNTHETIC_PROTOTYPE
OD_Z04,OD,Odisha,Odisha Zone 05,20.64851594117647,85.86374322058823,SYNTHETIC_SUBZONE,SYNTHETIC_PROTOTYPE
OD_Z05,OD,Odisha,Odisha Zone 06,20.637894014084505,85.70303797183098,SYNTHETIC_SUBZONE,SYNTHETIC_PROTOTYPE
OD_Z06,OD,Odisha,Odisha Zone 07,20.311711074626867,84.35989091044776,SYNTHETIC_SUBZONE,SYNTHETIC_PROTOTYPE
OD_Z07,OD,Odisha,Odisha Zone 08,20.199397291666667,84.44722533333334,SYNTHETIC_SUBZONE,SYNTHETIC_PROTOTYPE
PY_Z00,PY,Puducherry,Puducherry Zone 01,12.56681712987013,79.35285616883117,SYNTHETIC_SUBZONE,SYNTHETIC_PROTOTYPE
PY_Z01,PY,Puducherry,Puducherry Zone 02,12.513691741935483,79.48228862903225,SYNTHETIC_SUBZONE,SYNTHETIC_PROTOTYPE
PY_Z02,PY,Puducherry,Puducherry Zone 03,11.966273825396826,79.88624760317461,SYNTHETIC_SUBZONE,SYNTHETIC_PROTOTYPE
PY_Z03,PY,Puducherry,Puducherry Zone 04,11.919005026315789,79.73474364473684,SYNTHETIC_SUBZONE,SYNTHETIC_PROTOTYPE
PY_Z04,PY,Puducherry,Puducherry Zone 05,11.66404491044776,80.57810852238806,SYNTHETIC_SUBZONE,SYNTHETIC_PROTOTYPE
PY_Z05,PY,Puducherry,Puducherry Zone 06,11.620309027777777,80.4417777638889,SYNTHETIC_SUBZONE,SYNTHETIC_PROTOTYPE
PY_Z06,PY,Puducherry,Puducherry Zone 07,11.253492851851853,79.17605866666666,SYNTHETIC_SUBZONE,SYNTHETIC_PROTOTYPE
PY_Z07,PY,Puducherry,Puducherry Zone 08,11.21916501724138,79.00670210344828,SYNTHETIC_SUBZONE,SYNTHETIC_PROTOTYPE
PB_Z00,PB,Punjab,Punjab Zone 01,31.77380279245283,74.8573916981132,SYNTHETIC_SUBZONE,SYNTHETIC_PROTOTYPE
PB_Z01,PB,Punjab,Punjab Zone 02,31.735000023255814,74.99397005813954,SYNTHETIC_SUBZONE,SYNTHETIC_PROTOTYPE
PB_Z02,PB,Punjab,Punjab Zone 03,31.188842158730157,75.27028338095238,SYNTHETIC_SUBZONE,SYNTHETIC_PROTOTYPE
PB_Z03,PB,Punjab,Punjab Zone 04,31.127797092105265,75.40798663157895,SYNTHETIC_SUBZONE,SYNTHETIC_PROTOTYPE
PB_Z04,PB,Punjab,Punjab Zone 05,30.89566348051948,75.97680333766233,SYNTHETIC_SUBZONE,SYNTHETIC_PROTOTYPE
PB_Z05,PB,Punjab,Punjab Zone 06,30.799010112903225,76.08914933870967,SYNTHETIC_SUBZONE,SYNTHETIC_PROTOTYPE
PB_Z06,PB,Punjab,Punjab Zone 07,30.455796956521738,74.57077846376812,SYNTHETIC_SUBZONE,SYNTHETIC_PROTOTYPE
PB_Z07,PB,Punjab,Punjab Zone 08,30.43532964285714,74.71485937142857,SYNTHETIC_SUBZONE,SYNTHETIC_PROTOTYPE
RJ_Z00,RJ,Rajasthan,Rajasthan Zone 01,27.64994841111111,73.76957938888889,SYNTHETIC_SUBZONE,SYNTHETIC_PROTOTYPE
RJ_Z01,RJ,Rajasthan,Rajasthan Zone 02,27.57877875510204,73.9012136122449,SYNTHETIC_SUBZONE,SYNTHETIC_PROTOTYPE
RJ_Z02,RJ,Rajasthan,Rajasthan Zone 03,27.059443625,74.165950625,SYNTHETIC_SUBZONE,SYNTHETIC_PROTOTYPE
RJ_Z03,RJ,Rajasthan,Rajasthan Zone 04,27.00103023880597,74.30640597014926,SYNTHETIC_SUBZONE,SYNTHETIC_PROTOTYPE
RJ_Z04,RJ,Rajasthan,Rajasthan Zone 05,26.790544653061225,74.88625746938776,SYNTHETIC_SUBZONE,SYNTHETIC_PROTOTYPE
RJ_Z05,RJ,Rajasthan,Rajasthan Zone 06,26.7217232,75.02166864444445,SYNTHETIC_SUBZONE,SYNTHETIC_PROTOTYPE
RJ_Z06,RJ,Rajasthan,Rajasthan Zone 07,26.65528542222222,74.86598035555555,SYNTHETIC_SUBZONE,SYNTHETIC_PROTOTYPE
RJ_Z07,RJ,Rajasthan,Rajasthan Zone 08,26.33438978417266,73.50253010071943,SYNTHETIC_SUBZONE,SYNTHETIC_PROTOTYPE
SK_Z00,SK,Sikkim,Sikkim Zone 01,28.139326452054796,88.04109316438357,SYNTHETIC_SUBZONE,SYNTHETIC_PROTOTYPE
SK_Z01,SK,Sikkim,Sikkim Zone 02,28.129821,88.19992186363636,SYNTHETIC_SUBZONE,SYNTHETIC_PROTOTYPE
SK_Z02,SK,Sikkim,Sikkim Zone 03,27.53562279032258,88.41086261290323,SYNTHETIC_SUBZONE,SYNTHETIC_PROTOTYPE
SK_Z03,SK,Sikkim,Sikkim Zone 04,27.53113472727273,88.57214961038962,SYNTHETIC_SUBZONE,SYNTHETIC_PROTOTYPE
SK_Z04,SK,Sikkim,Sikkim Zone 05,27.247695680555555,89.27817870833333,SYNTHETIC_SUBZONE,SYNTHETIC_PROTOTYPE
SK_Z05,SK,Sikkim,Sikkim Zone 06,27.219806462686567,89.12952320895522,SYNTHETIC_SUBZONE,SYNTHETIC_PROTOTYPE
SK_Z06,SK,Sikkim,Sikkim Zone 07,26.870065264705882,87.88225063235294,SYNTHETIC_SUBZONE,SYNTHETIC_PROTOTYPE
SK_Z07,SK,Sikkim,Sikkim Zone 08,26.82096757746479,87.75978645070423,SYNTHETIC_SUBZONE,SYNTHETIC_PROTOTYPE
TN_Z00,TN,Tamil Nadu,Tamil Nadu Zone 01,11.73571494117647,78.17986288235294,SYNTHETIC_SUBZONE,SYNTHETIC_PROTOTYPE
TN_Z01,TN,Tamil Nadu,Tamil Nadu Zone 02,11.72951038028169,78.32923790140845,SYNTHETIC_SUBZONE,SYNTHETIC_PROTOTYPE
TN_Z02,TN,Tamil Nadu,Tamil Nadu Zone 03,11.137820389473685,78.60010394736842,SYNTHETIC_SUBZONE,SYNTHETIC_PROTOTYPE
TN_Z03,TN,Tamil Nadu,Tamil Nadu Zone 04,11.112940772727272,78.75983697727273,SYNTHETIC_SUBZONE,SYNTHETIC_PROTOTYPE
TN_Z04,TN,Tamil Nadu,Tamil Nadu Zone 05,10.838540086206896,79.27552770689655,SYNTHETIC_SUBZONE,SYNTHETIC_PROTOTYPE
TN_Z05,TN,Tamil Nadu,Tamil Nadu Zone 06,10.799103777777777,79.41864671604938,SYNTHETIC_SUBZONE,SYNTHETIC_PROTOTYPE
TN_Z06,TN,Tamil Nadu,Tamil Nadu Zone 07,10.4470275625,78.0080349375,SYNTHETIC_SUBZONE,SYNTHETIC_PROTOTYPE
TN_Z07,TN,Tamil Nadu,Tamil Nadu Zone 08,10.39868686440678,77.87111230508475,SYNTHETIC_SUBZONE,SYNTHETIC_PROTOTYPE
TS_Z00,TS,Telangana,Telangana Zone 01,18.729878791666668,78.54532794444444,SYNTHETIC_SUBZONE,SYNTHETIC_PROTOTYPE
TS_Z01,TS,Telangana,Telangana Zone 02,18.694919283582088,78.68330985074627,SYNTHETIC_SUBZONE,SYNTHETIC_PROTOTYPE
TS_Z02,TS,Telangana,Telangana Zone 03,18.116809494252873,78.9734843908046,SYNTHETIC_SUBZONE,SYNTHETIC_PROTOTYPE
TS_Z03,TS,Telangana,Telangana Zone 04,18.084872326923076,79.12365653846155,SYNTHETIC_SUBZONE,SYNTHETIC_PROTOTYPE
TS_Z04,TS,Telangana,Telangana Zone 05,17.805333824999998,79.652010375,SYNTHETIC_SUBZONE,SYNTHETIC_PROTOTYPE
TS_Z05,TS,Telangana,Telangana Zone 06,17.79908188135593,79.79976077966101,SYNTHETIC_SUBZONE,SYNTHETIC_PROTOTYPE
TS_Z06,TS,Telangana,Telangana Zone 07,17.41261793939394,78.40456483333334,SYNTHETIC_SUBZONE,SYNTHETIC_PROTOTYPE
TS_Z07,TS,Telangana,Telangana Zone 08,17.403604328767123,78.25834575342466,SYNTHETIC_SUBZONE,SYNTHETIC_PROTOTYPE
TR_Z00,TR,Tripura,Tripura Zone 01,24.602965020833334,91.54569204166667,SYNTHETIC_SUBZONE,SYNTHETIC_PROTOTYPE
TR_Z01,TR,Tripura,Tripura Zone 02,24.548176515151514,91.70240339393939,SYNTHETIC_SUBZONE,SYNTHETIC_PROTOTYPE
TR_Z02,TR,Tripura,Tripura Zone 03,24.466558655172413,91.5735240862069,SYNTHETIC_SUBZONE,SYNTHETIC_PROTOTYPE
TR_Z03,TR,Tripura,Tripura Zone 04,23.944927704225353,92.0541463802817,SYNTHETIC_SUBZONE,SYNTHETIC_PROTOTYPE
TR_Z04,TR,Tripura,Tripura Zone 05,23.9378685,91.91366225,SYNTHETIC_SUBZONE,SYNTHETIC_PROTOTYPE
TR_Z05,TR,Tripura,Tripura Zone 06,23.654570409836065,92.6087151967213,SYNTHETIC_SUBZONE,SYNTHETIC_PROTOTYPE
TR_Z06,TR,Tripura,Tripura Zone 07,23.61660741025641,92.73747306410256,SYNTHETIC_SUBZONE,SYNTHETIC_PROTOTYPE
TR_Z07,TR,Tripura,Tripura Zone 08,23.24667956115108,91.28316573381295,SYNTHETIC_SUBZONE,SYNTHETIC_PROTOTYPE
UP_Z00,UP,Uttar Pradesh,Uttar Pradesh Zone 01,27.491072848101265,80.60331632911392,SYNTHETIC_SUBZONE,SYNTHETIC_PROTOTYPE
UP_Z01,UP,Uttar Pradesh,Uttar Pradesh Zone 02,27.40896023333333,80.50665255,SYNTHETIC_SUBZONE,SYNTHETIC_PROTOTYPE
UP_Z02,UP,Uttar Pradesh,Uttar Pradesh Zone 03,26.869312448979592,81.04822924489795,SYNTHETIC_SUBZONE,SYNTHETIC_PROTOTYPE
UP_Z03,UP,Uttar Pradesh,Uttar Pradesh Zone 04,26.83972971111111,80.89740665555556,SYNTHETIC_SUBZONE,SYNTHETIC_PROTOTYPE
UP_Z04,UP,Uttar Pradesh,Uttar Pradesh Zone 05,26.550294742424242,81.73792807575758,SYNTHETIC_SUBZONE,SYNTHETIC_PROTOTYPE
UP_Z05,UP,Uttar Pradesh,Uttar Pradesh Zone 06,26.523834273972604,81.5843322739726,SYNTHETIC_SUBZONE,SYNTHETIC_PROTOTYPE
UP_Z06,UP,Uttar Pradesh,Uttar Pradesh Zone 07,26.149820460526318,80.17966875,SYNTHETIC_SUBZONE,SYNTHETIC_PROTOTYPE
UP_Z07,UP,Uttar Pradesh,Uttar Pradesh Zone 08,26.145673698412697,80.31237368253969,SYNTHETIC_SUBZONE,SYNTHETIC_PROTOTYPE
UK_Z00,UK,Uttarakhand,Uttarakhand Zone 01,30.689057342465755,78.54898076712328,SYNTHETIC_SUBZONE,SYNTHETIC_PROTOTYPE
UK_Z01,UK,Uttarakhand,Uttarakhand Zone 02,30.658464166666665,78.69962992424243,SYNTHETIC_SUBZONE,SYNTHETIC_PROTOTYPE
UK_Z02,UK,Uttarakhand,Uttarakhand Zone 03,30.093947375,78.97315195833333,SYNTHETIC_SUBZONE,SYNTHETIC_PROTOTYPE
UK_Z03,UK,Uttarakhand,Uttarakhand Zone 04,30.003446791044777,79.09157455223881,SYNTHETIC_SUBZONE,SYNTHETIC_PROTOTYPE
UK_Z04,UK,Uttarakhand,Uttarakhand Zone 05,29.78237307936508,79.6365838888889,SYNTHETIC_SUBZONE,SYNTHETIC_PROTOTYPE
UK_Z05,UK,Uttarakhand,Uttarakhand Zone 06,29.747560381578946,79.78008652631578,SYNTHETIC_SUBZONE,SYNTHETIC_PROTOTYPE
UK_Z06,UK,Uttarakhand,Uttarakhand Zone 07,29.399853963414635,78.37726698780487,SYNTHETIC_SUBZONE,SYNTHETIC_PROTOTYPE
UK_Z07,UK,Uttarakhand,Uttarakhand Zone 08,29.321955807017545,78.26233247368421,SYNTHETIC_SUBZONE,SYNTHETIC_PROTOTYPE
WB_Z00,WB,West Bengal,West Bengal Zone 01,23.589748890625,87.37713009375,SYNTHETIC_SUBZONE,SYNTHETIC_PROTOTYPE
WB_Z01,WB,West Bengal,West Bengal Zone 02,23.571627786666667,87.52483950666667,SYNTHETIC_SUBZONE,SYNTHETIC_PROTOTYPE
WB_Z02,WB,West Bengal,West Bengal Zone 03,23.021018839285716,87.78163207142858,SYNTHETIC_SUBZONE,SYNTHETIC_PROTOTYPE
WB_Z03,WB,West Bengal,West Bengal Zone 04,22.97225313253012,87.91792728915662,SYNTHETIC_SUBZONE,SYNTHETIC_PROTOTYPE
WB_Z04,WB,West Bengal,West Bengal Zone 05,22.706977684210525,88.64561989473684,SYNTHETIC_SUBZONE,SYNTHETIC_PROTOTYPE
WB_Z05,WB,West Bengal,West Bengal Zone 06,22.670110353658536,88.49827874390243,SYNTHETIC_SUBZONE,SYNTHETIC_PROTOTYPE
WB_Z06,WB,West Bengal,West Bengal Zone 07,22.32837529310345,87.09419277586207,SYNTHETIC_SUBZONE,SYNTHETIC_PROTOTYPE
WB_Z07,WB,West Bengal,West Bengal Zone 08,22.246042790123457,87.2096177654321,SYNTHETIC_SUBZONE,SYNTHETIC_PROTOTYPE
